{"cameraMode":{"drawMode":0,"name":"Shaded","section":"Shading Mode"},"sceneLighting":false,"audioPlay":false,"sceneViewState":{"m_AlwaysRefresh":false,"showFog":true,"showSkybox":false,"showFlares":true,"showImageEffects":true,"showParticleSystems":true,"showVisualEffectGraphs":true,"m_FxEnabled":true},"in2DMode":false,"pivot":{"x":-0.027057964354753495,"y":1.6116645336151124,"z":2.0658304691314699},"rotation":{"x":0.0038902978412806989,"y":0.3710089921951294,"z":0.001556091709062457,"w":-0.9286214113235474},"size":2.4963061809539797,"orthographic":false}